Series Name,Series Code,Country Name,Country Code,1990 [YR1990],2000 [YR2000],2014 [YR2014],2015 [YR2015],2016 [YR2016],2017 [YR2017],2018 [YR2018],2019 [YR2019],2020 [YR2020],2021 [YR2021],2022 [YR2022],2023 [YR2023]
CO2 emissions (kg per 2021 PPP $ of GDP),EN.ATM.CO2E.PP.GD.KD,Afghanistan,AFG,..,0.0331042943388248,0.0937831645363241,0.10017294666822,0.0905306257453222,0.0951023660487108,0.102889174048942,0.101420534924024,0.0804876356263116,..,..,..
CO2 emissions (kg per 2021 PPP $ of GDP),EN.ATM.CO2E.PP.GD.KD,Albania,ALB,0.342888516185495,0.157128687949413,0.139102869861903,0.1258274443172,0.116108109345258,0.132167709064001,0.125000904796954,0.115009629353096,0.10440485836621,..,..,..
CO2 emissions (kg per 2021 PPP $ of GDP),EN.ATM.CO2E.PP.GD.KD,Algeria,DZA,0.211427507302035,0.224057781016353,0.249942853181552,0.256189302248603,0.244018915952972,0.245154157114073,0.252239685677547,0.259179442145384,0.258395314253033,..,..,..
CO2 emissions (kg per 2021 PPP $ of GDP),EN.ATM.CO2E.PP.GD.KD,American Samoa,ASM,..,..,..,..,..,..,..,..,..,..,..,..
CO2 emissions (kg per 2021 PPP $ of GDP),EN.ATM.CO2E.PP.GD.KD,Andorra,AND,0.154535879775699,0.145535630243975,0.10447173246629,0.103812062477047,0.100886901048346,0.0997535033000631,0.104378853346008,0.0992850099076394,0.104544196929634,..,..,..
CO2 emissions (kg per 2021 PPP $ of GDP),EN.ATM.CO2E.PP.GD.KD,Angola,AGO,0.0763819304108926,0.166679245434538,0.106354216869381,0.112613103281359,0.107822482875654,0.0916825016122287,0.0876146565477027,0.0910171240026851,0.078383512254288,..,..,..
CO2 emissions (kg per 2021 PPP $ of GDP),EN.ATM.CO2E.PP.GD.KD,Antigua and Barbuda,ATG,0.16413979034345,0.163253096420284,0.210014886013482,0.212930579733099,0.208842584953733,0.203658880633655,0.193655183983157,0.187979293601625,0.216069844826152,..,..,..
CO2 emissions (kg per 2021 PPP $ of GDP),EN.ATM.CO2E.PP.GD.KD,Argentina,ARG,0.180023118191471,0.159474036751231,0.147988016521273,0.148825479939239,0.15002855787906,0.142815775839626,0.144713251057763,0.140378089838269,0.143178693875514,..,..,..
CO2 emissions (kg per 2021 PPP $ of GDP),EN.ATM.CO2E.PP.GD.KD,Armenia,ARM,0.910265870194286,0.24090672704705,0.14351596625651,0.135624112025818,0.128344330988882,0.126567570934902,0.127947174866067,0.128972879382498,0.151339400910094,..,..,..
CO2 emissions (kg per 2021 PPP $ of GDP),EN.ATM.CO2E.PP.GD.KD,Aruba,ABW,..,..,..,..,..,..,..,..,..,..,..,..
CO2 emissions (kg per 2021 PPP $ of GDP),EN.ATM.CO2E.PP.GD.KD,Australia,AUS,0.431759621384475,0.40129083186884,0.295836451887872,0.294435534439087,0.293172969144253,0.288231657106591,0.27932281587209,0.272766400458005,0.262461998257716,..,..,..
CO2 emissions (kg per 2021 PPP $ of GDP),EN.ATM.CO2E.PP.GD.KD,Austria,AUT,0.171777819573196,0.144822596296364,0.116400297041821,0.117459969280352,0.115974243348405,0.117277489527058,0.109743795366072,0.11051599545501,0.108538980618789,..,..,..
CO2 emissions (kg per 2021 PPP $ of GDP),EN.ATM.CO2E.PP.GD.KD,Azerbaijan,AZE,0.702345223115938,0.617449449968747,0.163232888634096,0.159112346772732,0.166611406640705,0.164822334748873,0.166304809954589,0.176094314731419,0.177707451003768,..,..,..
CO2 emissions (kg per 2021 PPP $ of GDP),EN.ATM.CO2E.PP.GD.KD,"Bahamas, The",BHS,0.220815730257963,0.188857384296412,0.204451382076789,0.177399636965502,0.165595523135006,0.171308181564307,0.215004942701851,0.20449749625243,0.243710845796398,..,..,..
CO2 emissions (kg per 2021 PPP $ of GDP),EN.ATM.CO2E.PP.GD.KD,Bahrain,BHR,0.513054506711636,0.442266728777364,0.430115969241366,0.421039843120205,0.404353095992245,0.392254559248646,0.387615817813029,0.405500568425682,0.418846138138922,..,..,..
CO2 emissions (kg per 2021 PPP $ of GDP),EN.ATM.CO2E.PP.GD.KD,Bangladesh,BGD,0.0498738643707117,0.0566743426877939,0.0828222904944354,0.0857509591295146,0.0887800034897961,0.0899940189549694,0.0917834417104111,0.0821518107532734,0.073283136263539,..,..,..
CO2 emissions (kg per 2021 PPP $ of GDP),EN.ATM.CO2E.PP.GD.KD,Barbados,BRB,0.259377711919832,0.272654905858561,0.280962193088625,0.271638536202801,0.26930014502475,0.244922610524072,0.265627655557378,0.243184578344002,0.261090979907572,..,..,..
CO2 emissions (kg per 2021 PPP $ of GDP),EN.ATM.CO2E.PP.GD.KD,Belarus,BLR,0.792742352220839,0.474351864549599,0.236785338047487,0.227321249792686,0.234614764048835,0.233156096060487,0.23819154836569,0.228495773450598,0.218558948471059,..,..,..
CO2 emissions (kg per 2021 PPP $ of GDP),EN.ATM.CO2E.PP.GD.KD,Belgium,BEL,0.259475742794518,0.223375496869617,0.138923891938736,0.143276437506414,0.140108948757334,0.13555652186297,0.134514842265871,0.130815710644826,0.126815477575653,..,..,..
CO2 emissions (kg per 2021 PPP $ of GDP),EN.ATM.CO2E.PP.GD.KD,Belize,BLZ,0.226171957609269,0.156015100125555,0.113534007038179,0.153508002483491,0.148112569125172,0.148948787027115,0.144390504350788,0.161873285900204,0.175252391358761,..,..,..
CO2 emissions (kg per 2021 PPP $ of GDP),EN.ATM.CO2E.PP.GD.KD,Benin,BEN,0.0283196196542538,0.0777767364358758,0.157389010169917,0.164166150864368,0.194449724390313,0.187759642078015,0.194599901460251,0.179020379374156,0.18402864843399,..,..,..
CO2 emissions (kg per 2021 PPP $ of GDP),EN.ATM.CO2E.PP.GD.KD,Bermuda,BMU,..,..,..,..,..,..,..,..,..,..,..,..
CO2 emissions (kg per 2021 PPP $ of GDP),EN.ATM.CO2E.PP.GD.KD,Bhutan,BTN,0.0929258382823348,0.124150196495801,0.119029556497417,0.114969702635375,0.125020813123596,0.128758501026946,0.138158054585987,0.128726178370005,0.103575632921456,..,..,..
CO2 emissions (kg per 2021 PPP $ of GDP),EN.ATM.CO2E.PP.GD.KD,Bolivia,BOL,0.28484883845212,0.153287477565157,0.20283297833201,0.198647122108702,0.203151319218745,0.197709664484662,0.191916577099222,0.187304984748475,0.172768029304903,..,..,..
CO2 emissions (kg per 2021 PPP $ of GDP),EN.ATM.CO2E.PP.GD.KD,Bosnia and Herzegovina,BIH,2.20132235518321,0.422594516413342,0.401041406626647,0.386861609683402,0.426781645379308,0.419585915737698,0.402748833477314,0.365630746756471,0.373829805611902,..,..,..
CO2 emissions (kg per 2021 PPP $ of GDP),EN.ATM.CO2E.PP.GD.KD,Botswana,BWA,0.20436554105033,0.18237883361517,0.188694734068205,0.197203364195354,0.17547015518294,0.186540431305472,0.196705207911828,0.170475910723067,0.149554497671978,..,..,..
CO2 emissions (kg per 2021 PPP $ of GDP),EN.ATM.CO2E.PP.GD.KD,Brazil,BRA,0.105031641240063,0.128702011762763,0.133293990751286,0.131097135237254,0.12485083318307,0.125593131470825,0.117476674621984,0.116188036606424,0.114543029010001,..,..,..
CO2 emissions (kg per 2021 PPP $ of GDP),EN.ATM.CO2E.PP.GD.KD,British Virgin Islands,VGB,..,..,..,..,..,..,..,..,..,..,..,..
CO2 emissions (kg per 2021 PPP $ of GDP),EN.ATM.CO2E.PP.GD.KD,Brunei Darussalam,BRN,0.134030402600706,0.15543206593846,0.203927459885725,0.184993033727136,0.206617851764322,0.21332213773162,0.220516465803116,0.198725050111129,0.266941404219093,..,..,..
CO2 emissions (kg per 2021 PPP $ of GDP),EN.ATM.CO2E.PP.GD.KD,Bulgaria,BGR,0.559763171382124,0.419568859441697,0.251410938275865,0.25761641479536,0.233382041804289,0.239698574900309,0.217522231549424,0.200198477083783,0.181733181352824,..,..,..
CO2 emissions (kg per 2021 PPP $ of GDP),EN.ATM.CO2E.PP.GD.KD,Burkina Faso,BFA,0.0587080444619683,0.0617378880846926,0.0791349896711606,0.0965977031474107,0.0958660736829761,0.104432483934957,0.109029118519264,0.112942375213586,0.10699454227105,..,..,..
CO2 emissions (kg per 2021 PPP $ of GDP),EN.ATM.CO2E.PP.GD.KD,Burundi,BDI,0.0240514106416362,0.0410775252062784,0.0345465640415438,0.0361456442172668,0.0438190069812344,0.0521929634689396,0.064549718472741,0.0674530659841126,0.0678096364164246,..,..,..
CO2 emissions (kg per 2021 PPP $ of GDP),EN.ATM.CO2E.PP.GD.KD,Cabo Verde,CPV,0.264812589172569,0.149570471412429,0.129343409513741,0.129047461120958,0.134394708619626,0.138441381184059,0.135775948391828,0.131758566684688,0.167289416199148,..,..,..
CO2 emissions (kg per 2021 PPP $ of GDP),EN.ATM.CO2E.PP.GD.KD,Cambodia,KHM,0.080131120568678,0.101671897321347,0.126107981114993,0.143103197120958,0.175622912118017,0.187782215075576,0.187086158459675,0.23325542837839,0.248152545968918,..,..,..
CO2 emissions (kg per 2021 PPP $ of GDP),EN.ATM.CO2E.PP.GD.KD,Cameroon,CMR,0.0566717234725568,0.091408835339091,0.0812689381796616,0.0795050689039433,0.0803009329408314,0.078429968822777,0.0810459424122486,0.0767784880900038,0.0795529325198087,..,..,..
CO2 emissions (kg per 2021 PPP $ of GDP),EN.ATM.CO2E.PP.GD.KD,Canada,CAN,0.380025191875832,0.351549593916875,0.288874571884247,0.28546957069891,0.281588148697106,0.278843353490503,0.276843429245567,0.265297461094493,0.255123774114042,..,..,..
CO2 emissions (kg per 2021 PPP $ of GDP),EN.ATM.CO2E.PP.GD.KD,Cayman Islands,CYM,..,..,..,..,..,..,..,..,..,..,..,..
CO2 emissions (kg per 2021 PPP $ of GDP),EN.ATM.CO2E.PP.GD.KD,Central African Republic,CAF,0.0347905887525858,0.0509242233111902,0.0281534294973163,0.0381571370608888,0.0407726757113,0.0420305101194163,0.0417159159305942,0.0415742561563249,0.0414134682795068,..,..,..
CO2 emissions (kg per 2021 PPP $ of GDP),EN.ATM.CO2E.PP.GD.KD,Chad,TCD,0.0525086259626239,0.0546923072661537,0.0470056003856416,0.0455993498644902,0.048356614699741,0.0504679798973781,0.0515899323809691,0.0508079970755462,0.0511385425645616,..,..,..
CO2 emissions (kg per 2021 PPP $ of GDP),EN.ATM.CO2E.PP.GD.KD,Channel Islands,CHI,..,..,..,..,..,..,..,..,..,..,..,..
CO2 emissions (kg per 2021 PPP $ of GDP),EN.ATM.CO2E.PP.GD.KD,Chile,CHL,0.205375124075564,0.185519662075618,0.155759442413503,0.163830570948756,0.169315393504106,0.168268226757327,0.160780144191268,0.169609538114189,0.166776832845839,..,..,..
CO2 emissions (kg per 2021 PPP $ of GDP),EN.ATM.CO2E.PP.GD.KD,China,CHN,1.16344844475631,0.664419146887629,0.533326290739443,0.490200569510077,0.458855808649156,0.438984840304552,0.430710195605954,0.4140434340257,0.411820461409113,..,..,..
CO2 emissions (kg per 2021 PPP $ of GDP),EN.ATM.CO2E.PP.GD.KD,Colombia,COL,0.149463793101513,0.137069285430087,0.102495685148578,0.100704262004188,0.101700075776493,0.090903662239404,0.0929423730206559,0.0898806559707259,0.096681576423275,..,..,..
CO2 emissions (kg per 2021 PPP $ of GDP),EN.ATM.CO2E.PP.GD.KD,Comoros,COM,0.0489755225696624,0.0643092703840466,0.0711981173893041,0.0761232831816118,0.0863592927464746,0.106510580167938,0.111497028329732,0.118074033696005,0.119030742882154,..,..,..
CO2 emissions (kg per 2021 PPP $ of GDP),EN.ATM.CO2E.PP.GD.KD,"Congo, Dem. Rep.",COD,0.0398981682093592,0.0365053833294747,0.0534459115426921,0.03145055814447,0.0230123055600538,0.0260693919508087,0.0243660388412324,0.0251451788828293,0.0246705853872803,..,..,..
CO2 emissions (kg per 2021 PPP $ of GDP),EN.ATM.CO2E.PP.GD.KD,"Congo, Rep.",COG,0.154572154583901,0.1822061271327,0.11355038728221,0.123567157169463,0.131553563949389,0.13704579529255,0.16129910389255,0.179753814805936,0.195819409556535,..,..,..
CO2 emissions (kg per 2021 PPP $ of GDP),EN.ATM.CO2E.PP.GD.KD,Costa Rica,CRI,0.0829694156195169,0.0885451826037636,0.0783315990845524,0.0727310780050134,0.074157791329211,0.0726608720021531,0.0707488110417331,0.0673008035329989,0.0615660858688283,..,..,..
CO2 emissions (kg per 2021 PPP $ of GDP),EN.ATM.CO2E.PP.GD.KD,Cote d'Ivoire,CIV,0.0422299778323445,0.0757808220176118,0.0764052388454201,0.0759951631581911,0.0693745239219652,0.0711205828162389,0.0654656979557164,0.065218214242945,0.0650996482468742,..,..,..
CO2 emissions (kg per 2021 PPP $ of GDP),EN.ATM.CO2E.PP.GD.KD,Croatia,HRV,0.181931462409369,0.18953117052927,0.136065227572866,0.135673081399317,0.133060634888461,0.132780160174278,0.121715840600262,0.118308633559113,0.122311814053204,..,..,..
CO2 emissions (kg per 2021 PPP $ of GDP),EN.ATM.CO2E.PP.GD.KD,Cuba,CUB,..,..,..,..,..,..,..,..,..,..,..,..
CO2 emissions (kg per 2021 PPP $ of GDP),EN.ATM.CO2E.PP.GD.KD,Curacao,CUW,..,..,..,..,..,..,..,..,..,..,..,..
CO2 emissions (kg per 2021 PPP $ of GDP),EN.ATM.CO2E.PP.GD.KD,Cyprus,CYP,0.280931309295039,0.279118212468578,0.215255435394739,0.209364595727541,0.206981602425487,0.199608383780882,0.184764401870343,0.174885480185012,0.170564052731521,..,..,..
CO2 emissions (kg per 2021 PPP $ of GDP),EN.ATM.CO2E.PP.GD.KD,Czechia,CZE,0.52880442277826,0.409746472565985,0.232414117547703,0.2231937024458,0.221609257324262,0.211846934720267,0.203621551133106,0.18797365662553,0.180847289066211,..,..,..
CO2 emissions (kg per 2021 PPP $ of GDP),EN.ATM.CO2E.PP.GD.KD,Denmark,DNK,0.217998739901095,0.169501691020723,0.102618357624985,0.0943487417755135,0.0958164878241694,0.0875011613134141,0.085663172344982,0.0756478438289833,0.0714185602721318,..,..,..
CO2 emissions (kg per 2021 PPP $ of GDP),EN.ATM.CO2E.PP.GD.KD,Djibouti,DJI,..,..,0.0857842793871096,0.0885837782709634,0.0732340699632086,0.0708362583130982,0.0695357112859524,0.0680054812720469,0.0670325781045328,..,..,..
CO2 emissions (kg per 2021 PPP $ of GDP),EN.ATM.CO2E.PP.GD.KD,Dominica,DMA,0.0865119172352146,0.141409585760183,0.156128327522027,0.161315301562449,0.1583654187555,0.153886056951111,0.148344626989928,0.148093178959678,0.166052735677846,..,..,..
CO2 emissions (kg per 2021 PPP $ of GDP),EN.ATM.CO2E.PP.GD.KD,Dominican Republic,DOM,0.150923977403464,0.20086636752153,0.1236473593841,0.127172457670092,0.12430194802095,0.113727090593216,0.114495436767217,0.11074731714969,0.105396076184568,..,..,..
CO2 emissions (kg per 2021 PPP $ of GDP),EN.ATM.CO2E.PP.GD.KD,Ecuador,ECU,0.161928082681067,0.189474787690163,0.185574223702032,0.18353038342697,0.17766421579358,0.162419959221898,0.167929594469503,0.164980558573865,0.157933002461285,..,..,..
CO2 emissions (kg per 2021 PPP $ of GDP),EN.ATM.CO2E.PP.GD.KD,"Egypt, Arab Rep.",EGY,0.187666764743784,0.15711576399947,0.171031750634461,0.169223836222376,0.168726783684135,0.168225305590761,0.155428197227092,0.134831323560271,0.125932711239076,..,..,..
CO2 emissions (kg per 2021 PPP $ of GDP),EN.ATM.CO2E.PP.GD.KD,El Salvador,SLV,0.0738575879772185,0.125578212361221,0.113169500761472,0.117313551231104,0.116493230798818,0.101456833534471,0.106873713164699,0.120606201812679,0.105516778434205,..,..,..
CO2 emissions (kg per 2021 PPP $ of GDP),EN.ATM.CO2E.PP.GD.KD,Equatorial Guinea,GNQ,0.130698523864981,0.239529274531535,0.133731245660929,0.135941707683434,0.158200411270137,0.154450020096348,0.155494897970619,0.158281295309137,0.148310849479319,..,..,..
CO2 emissions (kg per 2021 PPP $ of GDP),EN.ATM.CO2E.PP.GD.KD,Eritrea,ERI,..,..,..,..,..,..,..,..,..,..,..,..
CO2 emissions (kg per 2021 PPP $ of GDP),EN.ATM.CO2E.PP.GD.KD,Estonia,EST,1.14138800976179,0.517334269183066,0.377395163694719,0.302765865459548,0.324740680820665,0.32367833949761,0.292230532090661,0.179809611086282,0.128086813768994,..,..,..
CO2 emissions (kg per 2021 PPP $ of GDP),EN.ATM.CO2E.PP.GD.KD,Eswatini,SWZ,0.233930467766286,0.173159545163786,0.0970222880197796,0.0986466814222088,0.10722725868934,0.104136810745875,0.101715875768651,0.104755071947017,0.104431143418179,..,..,..
CO2 emissions (kg per 2021 PPP $ of GDP),EN.ATM.CO2E.PP.GD.KD,Ethiopia,ETH,0.0555090567323544,0.0651208070271326,0.0678189953779013,0.0641691697468988,0.0685297165840117,0.0651532879644258,0.0653968965977776,0.0627577606323376,0.0604754080097731,..,..,..
CO2 emissions (kg per 2021 PPP $ of GDP),EN.ATM.CO2E.PP.GD.KD,Faroe Islands,FRO,..,..,..,..,..,..,..,..,..,..,..,..
CO2 emissions (kg per 2021 PPP $ of GDP),EN.ATM.CO2E.PP.GD.KD,Fiji,FJI,0.113447761446,0.105542116212377,0.113810130656805,0.113412892248872,0.10499408142434,0.11067583790937,0.11110463780783,0.11226090159874,0.0998457843024944,..,..,..
CO2 emissions (kg per 2021 PPP $ of GDP),EN.ATM.CO2E.PP.GD.KD,Finland,FIN,0.279457392374359,0.224457758094213,0.158090148477219,0.145837204820308,0.151406967117822,0.13810297082643,0.140927668949707,0.128533933981606,0.116676836754979,..,..,..
CO2 emissions (kg per 2021 PPP $ of GDP),EN.ATM.CO2E.PP.GD.KD,France,FRA,0.151413787882321,0.128741098592291,0.0895473887793599,0.0900545047712227,0.0898400876511997,0.0889150958277367,0.0843275357542814,0.0810786419565221,0.0779442456888066,..,..,..
CO2 emissions (kg per 2021 PPP $ of GDP),EN.ATM.CO2E.PP.GD.KD,French Polynesia,PYF,..,..,..,..,..,..,..,..,..,..,..,..
CO2 emissions (kg per 2021 PPP $ of GDP),EN.ATM.CO2E.PP.GD.KD,Gabon,GAB,0.16778788229172,0.211088092381015,0.144852504708796,0.143039614271526,0.146246737327392,0.121867871853742,0.11578329878669,0.114767998697627,0.118572476981286,..,..,..
CO2 emissions (kg per 2021 PPP $ of GDP),EN.ATM.CO2E.PP.GD.KD,"Gambia, The",GMB,0.0694907362525704,0.0632801435074088,0.094981089151829,0.10552327335015,0.104801369255479,0.101513477019028,0.093957323960935,0.089800173162716,0.089934068670727,..,..,..
CO2 emissions (kg per 2021 PPP $ of GDP),EN.ATM.CO2E.PP.GD.KD,Georgia,GEO,0.539891029392121,0.205147426469558,0.160736456572431,0.168920690934938,0.170482447363817,0.163661938329386,0.151474568411631,0.155925094899505,0.161745399581187,..,..,..
CO2 emissions (kg per 2021 PPP $ of GDP),EN.ATM.CO2E.PP.GD.KD,Germany,DEU,0.282500569189817,0.202809698930362,0.15409121833327,0.153126211738193,0.150761158486403,0.143889356708538,0.137736188519113,0.126821647036798,0.120788470016123,..,..,..
CO2 emissions (kg per 2021 PPP $ of GDP),EN.ATM.CO2E.PP.GD.KD,Ghana,GHA,0.0586903030763616,0.0757505024867842,0.0848314542213912,0.0889985482637775,0.0874444563008922,0.0841492519511683,0.0878219224735065,0.0886699686089723,0.0948774670207731,..,..,..
CO2 emissions (kg per 2021 PPP $ of GDP),EN.ATM.CO2E.PP.GD.KD,Gibraltar,GIB,..,..,..,..,..,..,..,..,..,..,..,..
CO2 emissions (kg per 2021 PPP $ of GDP),EN.ATM.CO2E.PP.GD.KD,Greece,GRC,0.274296980169546,0.269270495365726,0.203698081071033,0.199583395486923,0.197134941599629,0.194850295170161,0.186561803744278,0.168951488833399,0.15839494522935,..,..,..
CO2 emissions (kg per 2021 PPP $ of GDP),EN.ATM.CO2E.PP.GD.KD,Greenland,GRL,..,..,..,..,..,..,..,..,..,..,..,..
CO2 emissions (kg per 2021 PPP $ of GDP),EN.ATM.CO2E.PP.GD.KD,Grenada,GRD,0.129311212030674,0.158894138120715,0.155358297796084,0.156948137127006,0.153954428125245,0.152778492700816,0.163095224934622,0.17509881675665,0.190302761969135,..,..,..
CO2 emissions (kg per 2021 PPP $ of GDP),EN.ATM.CO2E.PP.GD.KD,Guam,GUM,..,..,..,..,..,..,..,..,..,..,..,..
CO2 emissions (kg per 2021 PPP $ of GDP),EN.ATM.CO2E.PP.GD.KD,Guatemala,GTM,0.0576109972380792,0.0924374901491955,0.084943263378275,0.095929242263359,0.0990821734591609,0.0910446656925218,0.0962774862200335,0.0973827020192464,0.0879357646416224,..,..,..
CO2 emissions (kg per 2021 PPP $ of GDP),EN.ATM.CO2E.PP.GD.KD,Guinea,GIN,0.0737464080355505,0.075212916880029,0.0684367011410365,0.0746987668666104,0.0749999779008413,0.0804762789298182,0.0850822547938076,0.0974237852665671,0.0932847056879082,..,..,..
CO2 emissions (kg per 2021 PPP $ of GDP),EN.ATM.CO2E.PP.GD.KD,Guinea-Bissau,GNB,0.0983952487211645,0.0661279714244754,0.077011284103377,0.0775977514647592,0.0797256969576541,0.0764812494918635,0.0764012861649943,0.0748366198418518,0.0745692810364339,..,..,..
CO2 emissions (kg per 2021 PPP $ of GDP),EN.ATM.CO2E.PP.GD.KD,Guyana,GUY,0.307831799790432,0.270377016900157,0.227310986908696,0.227568933163758,0.261241489223141,0.251348968942167,0.251683694057312,0.2581768217744,0.178176256521795,..,..,..
CO2 emissions (kg per 2021 PPP $ of GDP),EN.ATM.CO2E.PP.GD.KD,Haiti,HTI,0.0377232930768659,0.0544853699773817,0.0850681270299379,0.091094082022341,0.091766209960933,0.0885000056040589,0.0860929955422523,0.0883374313632269,0.0883747431373465,..,..,..
CO2 emissions (kg per 2021 PPP $ of GDP),EN.ATM.CO2E.PP.GD.KD,Honduras,HND,0.111284863439489,0.165554831163457,0.191157476370465,0.196270749294339,0.186343793641393,0.16033480434948,0.148706033686638,0.163700016006896,0.155818876698466,..,..,..
CO2 emissions (kg per 2021 PPP $ of GDP),EN.ATM.CO2E.PP.GD.KD,"Hong Kong SAR, China",HKG,..,..,..,..,..,..,..,..,..,..,..,..
CO2 emissions (kg per 2021 PPP $ of GDP),EN.ATM.CO2E.PP.GD.KD,Hungary,HUN,0.303009617540037,0.239614377641456,0.13517412582697,0.139193596247188,0.138909222737529,0.148877972416092,0.140595417231853,0.12878443224022,0.127723595814128,..,..,..
CO2 emissions (kg per 2021 PPP $ of GDP),EN.ATM.CO2E.PP.GD.KD,Iceland,ISL,0.189613578642187,0.164891942683969,0.107267998274962,0.103212695487935,0.0770603776243739,0.0756788863038758,0.0733732369020292,0.0694425801412807,0.0658940883979018,..,..,..
CO2 emissions (kg per 2021 PPP $ of GDP),EN.ATM.CO2E.PP.GD.KD,India,IND,0.295737491492218,0.286016631163833,0.269113618674406,0.25045482730734,0.235344354529514,0.23176868564209,0.231803076059726,0.220056401427817,0.212052917398521,..,..,..
CO2 emissions (kg per 2021 PPP $ of GDP),EN.ATM.CO2E.PP.GD.KD,Indonesia,IDN,0.165681268926283,0.214446779993644,0.17821920334034,0.171479991216252,0.161568947279987,0.16375500784911,0.171592519362781,0.174116153878254,0.165424492373509,..,..,..
CO2 emissions (kg per 2021 PPP $ of GDP),EN.ATM.CO2E.PP.GD.KD,"Iran, Islamic Rep.",IRN,0.375793404814308,0.469909637972364,0.519420857882994,0.521555386582813,0.485730616202946,0.487646791636361,0.505505557210866,0.511552343067941,0.48818446570623,..,..,..
CO2 emissions (kg per 2021 PPP $ of GDP),EN.ATM.CO2E.PP.GD.KD,Iraq,IRQ,0.340191768846199,0.282454563710276,0.276512150190575,0.262315887348507,0.248035594673165,0.275863538931219,0.288880563792178,0.294191059007501,0.30265535931267,..,..,..
CO2 emissions (kg per 2021 PPP $ of GDP),EN.ATM.CO2E.PP.GD.KD,Ireland,IRL,0.302971735841836,0.211642763786438,0.120168423855451,0.100696039081708,0.104078554453228,0.0920871592694199,0.0843212865070171,0.076528606936974,0.067629932010892,..,..,..
CO2 emissions (kg per 2021 PPP $ of GDP),EN.ATM.CO2E.PP.GD.KD,Isle of Man,IMN,..,..,..,..,..,..,..,..,..,..,..,..
CO2 emissions (kg per 2021 PPP $ of GDP),EN.ATM.CO2E.PP.GD.KD,Israel,ISR,0.288310083047894,0.273218184715534,0.193228886354409,0.1931942994627,0.181821596673977,0.176164421069308,0.15776330732934,0.154850837832611,0.14691560172039,..,..,..
CO2 emissions (kg per 2021 PPP $ of GDP),EN.ATM.CO2E.PP.GD.KD,Italy,ITA,0.16656868100645,0.151786956596114,0.115166135214623,0.117893149780508,0.114831585392639,0.111541116020465,0.109071262781327,0.105987090019702,0.103245970438597,..,..,..
CO2 emissions (kg per 2021 PPP $ of GDP),EN.ATM.CO2E.PP.GD.KD,Jamaica,JAM,0.358889704946739,0.405746664780914,0.26484078100869,0.258678544650106,0.271756648900321,0.257508066250153,0.300444564877267,0.291037029269176,0.224606569747878,..,..,..
CO2 emissions (kg per 2021 PPP $ of GDP),EN.ATM.CO2E.PP.GD.KD,Japan,JPN,0.24901531992924,0.238085294100129,0.222897402782416,0.212448482710134,0.208446854573895,0.202542223127463,0.194301600359825,0.188507310537918,0.185749590005508,..,..,..
CO2 emissions (kg per 2021 PPP $ of GDP),EN.ATM.CO2E.PP.GD.KD,Jordan,JOR,0.361372627295259,0.373431568781766,0.286382886549034,0.276739410724176,0.265120330264672,0.272235191055179,0.253643777170278,0.233519610480158,0.2139493084785,..,..,..
CO2 emissions (kg per 2021 PPP $ of GDP),EN.ATM.CO2E.PP.GD.KD,Kazakhstan,KAZ,0.821407316571007,0.599201573669506,0.379053152908782,0.341979085086886,0.358469685982627,0.365477431540118,0.354348837040142,0.319853309910575,0.339767124247549,..,..,..
CO2 emissions (kg per 2021 PPP $ of GDP),EN.ATM.CO2E.PP.GD.KD,Kenya,KEN,0.0655521855337481,0.0749707743131623,0.0795511359775479,0.0820956063545036,0.0840881147413569,0.0842809665566857,0.0764278434483872,0.0735703774055695,0.0736386892411336,..,..,..
CO2 emissions (kg per 2021 PPP $ of GDP),EN.ATM.CO2E.PP.GD.KD,Kiribati,KIR,0.144536871119721,0.161759573685905,0.219313776741564,0.198763386407841,0.17315594041457,0.214414920925761,0.208740915029359,0.203154602184941,0.15807166118815,..,..,..
CO2 emissions (kg per 2021 PPP $ of GDP),EN.ATM.CO2E.PP.GD.KD,"Korea, Dem. People's Rep.",PRK,..,..,..,..,..,..,..,..,..,..,..,..
CO2 emissions (kg per 2021 PPP $ of GDP),EN.ATM.CO2E.PP.GD.KD,"Korea, Rep.",KOR,0.416142705021856,0.377693493461504,0.278252177282263,0.279733383691996,0.275130858288466,0.271355935633692,0.265377308975762,0.252117605344436,0.236309488984467,..,..,..
CO2 emissions (kg per 2021 PPP $ of GDP),EN.ATM.CO2E.PP.GD.KD,Kosovo,XKX,..,..,..,..,..,..,..,..,..,..,..,..
CO2 emissions (kg per 2021 PPP $ of GDP),EN.ATM.CO2E.PP.GD.KD,Kuwait,KWT,0.457168233100262,0.433254279148071,0.40010861917148,0.413766220939342,0.412635725299212,0.428312460041834,0.428654872861983,0.428342480926265,0.444701313592587,..,..,..
CO2 emissions (kg per 2021 PPP $ of GDP),EN.ATM.CO2E.PP.GD.KD,Kyrgyz Republic,KGZ,0.850368427282889,0.260530088344099,0.302440816018445,0.303516611945753,0.274157509808858,0.255350032629219,0.294800642773744,0.249694772000476,0.243757717633114,..,..,..
CO2 emissions (kg per 2021 PPP $ of GDP),EN.ATM.CO2E.PP.GD.KD,Lao PDR,LAO,0.0593180010676903,0.0573552933857419,0.102208530698718,0.194662007122429,0.321775404449565,0.365293998723846,0.354806713209377,0.328011025567073,0.32650547780767,..,..,..
CO2 emissions (kg per 2021 PPP $ of GDP),EN.ATM.CO2E.PP.GD.KD,Latvia,LVA,0.388814022925589,0.195030966841792,0.124353480364549,0.120255018055282,0.114733195230378,0.110610029950165,0.11635682932153,0.11246627802762,0.106693896174968,..,..,..
CO2 emissions (kg per 2021 PPP $ of GDP),EN.ATM.CO2E.PP.GD.KD,Lebanon,LBN,0.292542665600554,0.312843047666165,0.260600999257904,0.278645170740113,0.281877898910447,0.293605276728146,0.281091999620278,0.296630531767177,0.301096226728822,..,..,..
CO2 emissions (kg per 2021 PPP $ of GDP),EN.ATM.CO2E.PP.GD.KD,Lesotho,LSO,0.545337755377613,0.453923461961095,0.38755106124541,0.343045063364386,0.328316646029341,0.382968789674371,0.36838442510099,0.377540541994512,0.410062831261384,..,..,..
CO2 emissions (kg per 2021 PPP $ of GDP),EN.ATM.CO2E.PP.GD.KD,Liberia,LBR,0.109347252892424,0.0778410644900851,0.150860597098469,0.156235007022379,0.177792125607222,0.157456987752877,0.138253788920751,0.144217327029155,0.152969506182914,..,..,..
CO2 emissions (kg per 2021 PPP $ of GDP),EN.ATM.CO2E.PP.GD.KD,Libya,LBY,0.323300330867906,0.432648283908127,0.672155108947903,0.586882526128294,0.565166196735964,0.456353578454033,0.439050761741257,0.472165312731859,0.920993143810277,..,..,..
CO2 emissions (kg per 2021 PPP $ of GDP),EN.ATM.CO2E.PP.GD.KD,Liechtenstein,LIE,..,..,..,..,..,..,..,..,..,..,..,..
CO2 emissions (kg per 2021 PPP $ of GDP),EN.ATM.CO2E.PP.GD.KD,Lithuania,LTU,0.411093842871581,0.184387407868536,0.105423959420092,0.105277197538877,0.103949711352544,0.0998507293900699,0.0996981147277436,0.0959348147868607,0.0956150171757671,..,..,..
CO2 emissions (kg per 2021 PPP $ of GDP),EN.ATM.CO2E.PP.GD.KD,Luxembourg,LUX,0.358297901177434,0.169670691543921,0.131418646169883,0.121708511823681,0.112287501170533,0.112839802880878,0.11537083374218,0.114260969575261,0.0953171698237472,..,..,..
CO2 emissions (kg per 2021 PPP $ of GDP),EN.ATM.CO2E.PP.GD.KD,"Macao SAR, China",MAC,..,..,..,..,..,..,..,..,..,..,..,..
CO2 emissions (kg per 2021 PPP $ of GDP),EN.ATM.CO2E.PP.GD.KD,Madagascar,MDG,0.0374241117382833,0.0586536998162736,0.074765969588572,0.0790930758569952,0.0736733763063979,0.0775528727842222,0.0713497244468872,0.0812136458549127,0.061131445995756,..,..,..
CO2 emissions (kg per 2021 PPP $ of GDP),EN.ATM.CO2E.PP.GD.KD,Malawi,MWI,0.0697138232321335,0.0602110108298816,0.0379917159105731,0.0385092824762636,0.0421924918021022,0.0462405164545264,0.0511176748028281,0.0495097296756295,0.0490062332830428,..,..,..
CO2 emissions (kg per 2021 PPP $ of GDP),EN.ATM.CO2E.PP.GD.KD,Malaysia,MYS,0.254845482011974,0.292060841919818,0.28691403954015,0.272972795141349,0.256298791500623,0.235354985000024,0.240785274919121,0.233884642815481,0.247643937526876,..,..,..
CO2 emissions (kg per 2021 PPP $ of GDP),EN.ATM.CO2E.PP.GD.KD,Maldives,MDV,0.0783461052217126,0.119925047744246,0.17600682127733,0.167297235603565,0.171818990354233,0.169277529567234,0.178948246608791,0.18775367901295,0.203500780973825,..,..,..
CO2 emissions (kg per 2021 PPP $ of GDP),EN.ATM.CO2E.PP.GD.KD,Mali,MLI,0.0322309604799805,0.0542539610559789,0.0798260085489864,0.0791979384389574,0.07626922394349,0.0771267640873879,0.078461787205522,0.0762452727238411,0.0813811163342594,..,..,..
CO2 emissions (kg per 2021 PPP $ of GDP),EN.ATM.CO2E.PP.GD.KD,Malta,MLT,0.353536548721333,0.173051549997204,0.126902193706499,0.0814225099617954,0.0642726483763326,0.065212114023979,0.0619588722803577,0.0617910701691871,0.0653358592674056,..,..,..
CO2 emissions (kg per 2021 PPP $ of GDP),EN.ATM.CO2E.PP.GD.KD,Marshall Islands,MHL,0,0.536090698357604,0.645617719020488,0.641989367313495,0.629371445528066,0.618313798134227,0.592251587237374,0.540926829044111,0.402133761408959,..,..,..
CO2 emissions (kg per 2021 PPP $ of GDP),EN.ATM.CO2E.PP.GD.KD,Mauritania,MRT,0.0781353988017396,0.08546413265471,0.112809621437747,0.125301160063344,0.107794111878135,0.133780809803917,0.13921865833104,0.138927245214298,0.140243039356801,..,..,..
CO2 emissions (kg per 2021 PPP $ of GDP),EN.ATM.CO2E.PP.GD.KD,Mauritius,MUS,0.12282836028123,0.15380532675551,0.14518345111771,0.140423781757767,0.137748062577152,0.137090677033418,0.130530601655277,0.12808403816379,0.13360121540743,..,..,..
CO2 emissions (kg per 2021 PPP $ of GDP),EN.ATM.CO2E.PP.GD.KD,Mexico,MEX,0.186994493156157,0.185254063076163,0.180656175167699,0.179476974788429,0.178131752240769,0.174162912434565,0.160140209253732,0.163044580954679,0.151304102638817,..,..,..
CO2 emissions (kg per 2021 PPP $ of GDP),EN.ATM.CO2E.PP.GD.KD,"Micronesia, Fed. Sts.",FSM,0,0.462705992191202,0.357988141026,0.351637656092257,0.35525672588469,0.351398529114167,0.354033419243857,0.341070323418642,0.252350613784441,..,..,..
CO2 emissions (kg per 2021 PPP $ of GDP),EN.ATM.CO2E.PP.GD.KD,Moldova,MDA,0.644716289512808,0.400577789554923,0.231819184967241,0.241907524616354,0.234695229594155,0.223102422429771,0.227441945897656,0.229027589186646,0.241004771858452,..,..,..
CO2 emissions (kg per 2021 PPP $ of GDP),EN.ATM.CO2E.PP.GD.KD,Monaco,MCO,..,..,..,..,..,..,..,..,..,..,..,..
CO2 emissions (kg per 2021 PPP $ of GDP),EN.ATM.CO2E.PP.GD.KD,Mongolia,MNG,0.930890279909858,0.647442541841879,0.438619931406843,0.409005335052575,0.423318574095499,0.431660977971568,0.440954613560669,0.448593493293571,0.4301716574514,..,..,..
CO2 emissions (kg per 2021 PPP $ of GDP),EN.ATM.CO2E.PP.GD.KD,Montenegro,MNE,..,0.171050667869058,0.170560478208148,0.175430362845097,0.155351314064549,0.156376555272814,0.164134888447866,0.164085316928895,0.188236666160651,..,..,..
CO2 emissions (kg per 2021 PPP $ of GDP),EN.ATM.CO2E.PP.GD.KD,Morocco,MAR,0.198175271917358,0.224688708690238,0.2128888767637,0.209832904558999,0.208493891554526,0.207426058785104,0.205316207542903,0.220345107862449,0.223116508102651,..,..,..
CO2 emissions (kg per 2021 PPP $ of GDP),EN.ATM.CO2E.PP.GD.KD,Mozambique,MOZ,0.155801249049217,0.110544834002813,0.128994679594488,0.136425948184433,0.1722992645367,0.165981781759533,0.153960678062205,0.164810946687688,0.153890544892286,..,..,..
CO2 emissions (kg per 2021 PPP $ of GDP),EN.ATM.CO2E.PP.GD.KD,Myanmar,MMR,0.132258166061401,0.153273803017542,0.0671354078320418,0.0701116101067603,0.0760648287792486,0.106536384066209,0.101138664771769,0.0983992089690139,0.107805307232119,..,..,..
CO2 emissions (kg per 2021 PPP $ of GDP),EN.ATM.CO2E.PP.GD.KD,Namibia,NAM,..,0.135904687901739,0.141924071043509,0.1432232122703,0.143683533275688,0.147692325879041,0.14805657653474,0.150600485281238,0.150075810724427,..,..,..
CO2 emissions (kg per 2021 PPP $ of GDP),EN.ATM.CO2E.PP.GD.KD,Nauru,NRU,0.606401592007047,1.36168944555036,0.423714024275001,0.441285152678529,0.409777636971773,0.464958512602968,0.452184927091898,0.411951150114431,0.314426263256927,..,..,..
CO2 emissions (kg per 2021 PPP $ of GDP),EN.ATM.CO2E.PP.GD.KD,Nepal,NPL,0.0265906824591552,0.0560575070665909,0.0711640873534389,0.0689609669667612,0.102578768831308,0.116307636375865,0.123338096410713,0.10587121208219,0.116958546731389,..,..,..
CO2 emissions (kg per 2021 PPP $ of GDP),EN.ATM.CO2E.PP.GD.KD,Netherlands,NLD,0.235410089249397,0.181790314024886,0.144150297511781,0.148537146673209,0.146388931446084,0.139745721467991,0.132727356521567,0.125500767397012,0.116595765770121,..,..,..
CO2 emissions (kg per 2021 PPP $ of GDP),EN.ATM.CO2E.PP.GD.KD,New Caledonia,NCL,..,..,..,..,..,..,..,..,..,..,..,..
CO2 emissions (kg per 2021 PPP $ of GDP),EN.ATM.CO2E.PP.GD.KD,New Zealand,NZL,0.217176348627579,0.211727181690668,0.159285000321069,0.155042631710854,0.144369655664509,0.147424186040135,0.140196990371069,0.143720296199526,0.133093128543322,..,..,..
CO2 emissions (kg per 2021 PPP $ of GDP),EN.ATM.CO2E.PP.GD.KD,Nicaragua,NIC,0.111066725411568,0.155057312984162,0.117829194239727,0.124918665116088,0.122269571059356,0.117250528035745,0.11230044518056,0.118115242356955,0.107347769669289,..,..,..
CO2 emissions (kg per 2021 PPP $ of GDP),EN.ATM.CO2E.PP.GD.KD,Niger,NER,0.0483332135850033,0.0481812619192404,0.0767279614152764,0.07195939298297,0.067558510759892,0.058345258129513,0.0560035611057664,0.0583452975296063,0.0573572156692402,..,..,..
CO2 emissions (kg per 2021 PPP $ of GDP),EN.ATM.CO2E.PP.GD.KD,Nigeria,NGA,0.20523880112223,0.233753309049188,0.103279285429588,0.0944158969168454,0.0987029341419,0.0958495992943764,0.0985075485717839,0.101392560206746,0.0967106124920706,..,..,..
CO2 emissions (kg per 2021 PPP $ of GDP),EN.ATM.CO2E.PP.GD.KD,North Macedonia,MKD,0.319329250285453,0.347249288224005,0.208214229655347,0.192381417911278,0.182355203608408,0.192672037208186,0.175047716236667,0.192830304885158,0.172833380104633,..,..,..
CO2 emissions (kg per 2021 PPP $ of GDP),EN.ATM.CO2E.PP.GD.KD,Northern Mariana Islands,MNP,..,..,..,..,..,..,..,..,..,..,..,..
CO2 emissions (kg per 2021 PPP $ of GDP),EN.ATM.CO2E.PP.GD.KD,Norway,NOR,0.12068289864259,0.0981416490546524,0.0907381261352092,0.0905347479169919,0.0879144160847573,0.0849257769106783,0.0829302793459669,0.0800741026305526,0.0779143543584643,..,..,..
CO2 emissions (kg per 2021 PPP $ of GDP),EN.ATM.CO2E.PP.GD.KD,Oman,OMN,0.191011336861058,0.25239426716776,0.416370854432088,0.418845409084657,0.410469489904134,0.40602611847122,0.421750075340591,0.428714421210683,0.416158793075574,..,..,..
CO2 emissions (kg per 2021 PPP $ of GDP),EN.ATM.CO2E.PP.GD.KD,Pakistan,PAK,0.158814447586806,0.179846705465219,0.159247272501117,0.162627123599209,0.168362646943197,0.176905716204684,0.156697330623793,0.15061334214167,0.152569399732737,..,..,..
CO2 emissions (kg per 2021 PPP $ of GDP),EN.ATM.CO2E.PP.GD.KD,Palau,PLW,0,0.713994696238354,0.658831104449481,0.553729811343363,0.568011112149684,0.603299452383564,0.596405589277072,0.606370914422358,0.477378714256012,..,..,..
CO2 emissions (kg per 2021 PPP $ of GDP),EN.ATM.CO2E.PP.GD.KD,Panama,PAN,0.0965154402189769,0.11414105499671,0.095764687993217,0.0893244465377625,0.0854497461987265,0.0770051083416084,0.0726736874905084,0.0929312824785507,0.0825686021091522,..,..,..
CO2 emissions (kg per 2021 PPP $ of GDP),EN.ATM.CO2E.PP.GD.KD,Papua New Guinea,PNG,0.175827778668804,0.153313589579514,0.171196499104575,0.175292197988405,0.171158113715426,0.163888727062252,0.179753291885035,0.180593979910581,0.137150485169224,..,..,..
CO2 emissions (kg per 2021 PPP $ of GDP),EN.ATM.CO2E.PP.GD.KD,Paraguay,PRY,0.0515395072469971,0.0691018859946809,0.0652077238723468,0.0716567961418575,0.0776288568085653,0.0815659248072134,0.0834157623024058,0.08116264621214,0.0765214385253736,..,..,..
CO2 emissions (kg per 2021 PPP $ of GDP),EN.ATM.CO2E.PP.GD.KD,Peru,PER,0.150080739093882,0.140348977026974,0.123916006240177,0.123140761305321,0.123466746266114,0.114955941637436,0.111210080894626,0.113519723249588,0.104203482077457,..,..,..
CO2 emissions (kg per 2021 PPP $ of GDP),EN.ATM.CO2E.PP.GD.KD,Philippines,PHL,0.14434856436371,0.190597487625678,0.133680018487997,0.137018598943009,0.139287093067324,0.143793407971766,0.140955696350221,0.139275433155949,0.140841868479178,..,..,..
CO2 emissions (kg per 2021 PPP $ of GDP),EN.ATM.CO2E.PP.GD.KD,Poland,POL,0.7048359987552,0.412694121835285,0.245077860301777,0.237537051745113,0.239282630445338,0.237428569045524,0.223377791145825,0.202331828983481,0.195494084981221,..,..,..
CO2 emissions (kg per 2021 PPP $ of GDP),EN.ATM.CO2E.PP.GD.KD,Portugal,PRT,0.151457414131924,0.171055406024634,0.125801961024974,0.134136952704375,0.128430965096899,0.135744213759302,0.122540547650208,0.107524794761994,0.102546337724405,..,..,..
CO2 emissions (kg per 2021 PPP $ of GDP),EN.ATM.CO2E.PP.GD.KD,Puerto Rico,PRI,..,..,..,..,..,..,..,..,..,..,..,..
CO2 emissions (kg per 2021 PPP $ of GDP),EN.ATM.CO2E.PP.GD.KD,Qatar,QAT,0.398080795770785,0.476938295234509,0.298300123092003,0.295311977418322,0.292771064927348,0.298606206251772,0.293707002633529,0.29969490685233,0.304122746237007,..,..,..
CO2 emissions (kg per 2021 PPP $ of GDP),EN.ATM.CO2E.PP.GD.KD,Romania,ROU,0.453366107508898,0.265445343273394,0.12683054168873,0.125996015781982,0.119606452995806,0.114595995721329,0.109510213820007,0.1036978010958,0.0999712350654648,..,..,..
CO2 emissions (kg per 2021 PPP $ of GDP),EN.ATM.CO2E.PP.GD.KD,Russian Federation,RUS,0.488275775716972,0.525260717182544,0.303786550529176,0.306170100858076,0.301540695396241,0.300474209219541,0.304449234777254,0.305539445777803,0.298149534127389,..,..,..
CO2 emissions (kg per 2021 PPP $ of GDP),EN.ATM.CO2E.PP.GD.KD,Rwanda,RWA,0.0648143083011343,0.0791643026058819,0.0386315932829229,0.0415004766208591,0.0416110185354054,0.043791689760732,0.0451087515346141,0.0426158604482647,0.0420036068269646,..,..,..
CO2 emissions (kg per 2021 PPP $ of GDP),EN.ATM.CO2E.PP.GD.KD,Samoa,WSM,0.131873987869832,0.17625881197403,0.165802881156139,0.178909732659039,0.175952340086425,0.179490598674445,0.175991863034731,0.188815480748682,0.144389215119878,..,..,..
CO2 emissions (kg per 2021 PPP $ of GDP),EN.ATM.CO2E.PP.GD.KD,San Marino,SMR,..,..,..,..,..,..,..,..,..,..,..,..
CO2 emissions (kg per 2021 PPP $ of GDP),EN.ATM.CO2E.PP.GD.KD,Sao Tome and Principe,STP,0.0973706856975365,0.096416277458875,0.115983432566714,0.118441072296835,0.117257967933659,0.117613792889855,0.115279513240804,0.115222239818595,0.112995913596026,..,..,..
CO2 emissions (kg per 2021 PPP $ of GDP),EN.ATM.CO2E.PP.GD.KD,Saudi Arabia,SAU,0.253768013788488,0.286485493558089,0.35758002308704,0.357768357962241,0.34869035908094,0.338474327354577,0.314746336143651,0.310859391089844,0.314318639310398,..,..,..
CO2 emissions (kg per 2021 PPP $ of GDP),EN.ATM.CO2E.PP.GD.KD,Senegal,SEN,0.103071609499187,0.13178984186561,0.173852742306429,0.177050675796968,0.181660075260804,0.163590090880816,0.159932183275314,0.184744842516697,0.158319531392872,..,..,..
CO2 emissions (kg per 2021 PPP $ of GDP),EN.ATM.CO2E.PP.GD.KD,Serbia,SRB,..,0.578432749747058,0.31586400850815,0.361434279610882,0.359191743243671,0.357137764992591,0.333471086190209,0.318502720338839,0.323459971203258,..,..,..
CO2 emissions (kg per 2021 PPP $ of GDP),EN.ATM.CO2E.PP.GD.KD,Seychelles,SYC,0.142393969923068,0.175444815153004,0.196969061004878,0.197915364718057,0.199764884805673,0.188460322889785,0.189533526722912,0.17754063696455,0.202304964961119,..,..,..
CO2 emissions (kg per 2021 PPP $ of GDP),EN.ATM.CO2E.PP.GD.KD,Sierra Leone,SLE,0.051012337554124,0.0692109097879006,0.081116500563634,0.0972597822730611,0.0987329966824756,0.0910318989493629,0.0819831556720423,0.0775252768531976,0.0797823751988755,..,..,..
CO2 emissions (kg per 2021 PPP $ of GDP),EN.ATM.CO2E.PP.GD.KD,Singapore,SGP,0.209545727209309,0.153727541733445,0.0761425429717671,0.0756624831041013,0.0722983689040853,0.0727982293956262,0.0671861969220516,0.0662227949311873,0.0666644152717558,..,..,..
CO2 emissions (kg per 2021 PPP $ of GDP),EN.ATM.CO2E.PP.GD.KD,Sint Maarten (Dutch part),SXM,..,..,..,..,..,..,..,..,..,..,..,..
CO2 emissions (kg per 2021 PPP $ of GDP),EN.ATM.CO2E.PP.GD.KD,Slovak Republic,SVK,0.605571653802177,0.3879429247063,0.176254003977372,0.169331825501678,0.170121803106439,0.176172924511987,0.166465625811361,0.152682310516185,0.147779023875206,..,..,..
CO2 emissions (kg per 2021 PPP $ of GDP),EN.ATM.CO2E.PP.GD.KD,Slovenia,SVN,0.265110881642154,0.239961155911635,0.165722213411025,0.162472668892868,0.166593471645767,0.161462965324187,0.15402153428345,0.144468105071272,0.137753558995451,..,..,..
CO2 emissions (kg per 2021 PPP $ of GDP),EN.ATM.CO2E.PP.GD.KD,Solomon Islands,SLB,0.196034183382871,0.234636602985703,0.203232251269689,0.178409443206484,0.165685952279131,0.159070965944777,0.157916018619654,0.157213798655517,0.119207216351811,..,..,..
CO2 emissions (kg per 2021 PPP $ of GDP),EN.ATM.CO2E.PP.GD.KD,Somalia,SOM,..,0.0628056865969026,0.0356366801684835,0.0324277125657946,0.030858529766781,0.0282009612796441,0.0274326683081371,0.0264555038344355,0.0273460374515965,..,..,..
CO2 emissions (kg per 2021 PPP $ of GDP),EN.ATM.CO2E.PP.GD.KD,South Africa,ZAF,0.562323399860031,0.539553081584799,0.550886148319256,0.515519617115974,0.51286307168178,0.518344594950184,0.515594198838919,0.522423686453165,0.489149034738741,..,..,..
CO2 emissions (kg per 2021 PPP $ of GDP),EN.ATM.CO2E.PP.GD.KD,South Sudan,SSD,..,..,..,..,..,..,..,..,..,..,..,..
CO2 emissions (kg per 2021 PPP $ of GDP),EN.ATM.CO2E.PP.GD.KD,Spain,ESP,0.176386398428737,0.182741759530757,0.12709357650597,0.130119753765449,0.121865924105453,0.126196459405552,0.120418195122668,0.110541252734646,0.104281208139427,..,..,..
CO2 emissions (kg per 2021 PPP $ of GDP),EN.ATM.CO2E.PP.GD.KD,Sri Lanka,LKA,0.0514686146501498,0.0881166867994082,0.0650838295088793,0.0688341555822389,0.0788948419566619,0.0740203376464092,0.0678149490407311,0.073409429515696,0.0717727563227622,..,..,..
CO2 emissions (kg per 2021 PPP $ of GDP),EN.ATM.CO2E.PP.GD.KD,St. Kitts and Nevis,KNA,0.196188043493831,0.201728810724715,0.169915763512491,0.175541510187484,0.173875192432028,0.172357016473617,0.170501411121334,0.167362258030329,0.184539857568266,..,..,..
CO2 emissions (kg per 2021 PPP $ of GDP),EN.ATM.CO2E.PP.GD.KD,St. Lucia,LCA,0.0829890591386407,0.125579398853504,0.139948664767443,0.138507051893864,0.135065497196137,0.137214819792555,0.132611254913788,0.135178342420526,0.16719800763272,..,..,..
CO2 emissions (kg per 2021 PPP $ of GDP),EN.ATM.CO2E.PP.GD.KD,St. Martin (French part),MAF,..,..,..,..,..,..,..,..,..,..,..,..
CO2 emissions (kg per 2021 PPP $ of GDP),EN.ATM.CO2E.PP.GD.KD,St. Vincent and the Grenadines,VCT,0.100016209728575,0.138557295023816,0.178935942820373,0.160423782693278,0.159474110866303,0.138655777031421,0.150626946852359,0.139435600963786,0.13542505525035,..,..,..
CO2 emissions (kg per 2021 PPP $ of GDP),EN.ATM.CO2E.PP.GD.KD,Sudan,SDN,0.0815052223863529,0.0470157315642942,0.101980959215308,0.115692148710314,0.124842416385751,0.124403637885075,0.128368562728442,0.134019866713412,0.130676493470961,..,..,..
CO2 emissions (kg per 2021 PPP $ of GDP),EN.ATM.CO2E.PP.GD.KD,Suriname,SUR,0.251109885871983,0.193133689345679,0.188117200025104,0.20250314652614,0.23100543422203,0.188145048594037,0.157432586130257,0.192609806744136,0.224441164504969,..,..,..
CO2 emissions (kg per 2021 PPP $ of GDP),EN.ATM.CO2E.PP.GD.KD,Sweden,SWE,0.155946173857388,0.126323179560158,0.0697697043261169,0.0669897636949165,0.0649112616662592,0.0624306652406767,0.0576229793891188,0.0550042348203891,0.0539916631678011,..,..,..
CO2 emissions (kg per 2021 PPP $ of GDP),EN.ATM.CO2E.PP.GD.KD,Switzerland,CHE,0.099888564781938,0.0894873276514258,0.0632115906034554,0.0610909518186278,0.0607342504009008,0.0584562483818982,0.0550424099008554,0.0542684778359455,0.0518059402385801,..,..,..
CO2 emissions (kg per 2021 PPP $ of GDP),EN.ATM.CO2E.PP.GD.KD,Syrian Arab Republic,SYR,0.705873842040501,0.546140394995148,0.395502115229725,0.391914899045952,0.405781209012444,0.43069963454447,0.466094900661389,0.436676650818331,0.411301208794451,..,..,..
CO2 emissions (kg per 2021 PPP $ of GDP),EN.ATM.CO2E.PP.GD.KD,Tajikistan,TJK,0.489060745980631,0.256519443000649,0.184843847324938,0.186566921608257,0.195585958140489,0.224514850521304,0.250019641354157,0.257758988504905,0.256894552434884,..,..,..
CO2 emissions (kg per 2021 PPP $ of GDP),EN.ATM.CO2E.PP.GD.KD,Tanzania,TZA,0.0415428695701906,0.0481060683896911,0.0683101543268753,0.0685341282013686,0.0634213724500292,0.0650529670827867,0.0635826035030094,0.0748070854635925,0.0707707488585373,..,..,..
CO2 emissions (kg per 2021 PPP $ of GDP),EN.ATM.CO2E.PP.GD.KD,Thailand,THA,0.184764446180542,0.230704797423491,0.203146625966619,0.202607517471143,0.195196101476199,0.186823508514697,0.177473304162527,0.180358363919245,0.185686371282521,..,..,..
CO2 emissions (kg per 2021 PPP $ of GDP),EN.ATM.CO2E.PP.GD.KD,Timor-Leste,TLS,0,0,0.0856395842080748,0.0809755091624984,0.0929758926990286,0.103930842442113,0.0950248740188906,0.0932248765252624,0.0510279511037074,..,..,..
CO2 emissions (kg per 2021 PPP $ of GDP),EN.ATM.CO2E.PP.GD.KD,Togo,TGO,0.112599562623087,0.117740568535629,0.0943342670138411,0.102793830014854,0.124570608641852,0.104866338429839,0.108554490418802,0.115385736347173,0.111872016455169,..,..,..
CO2 emissions (kg per 2021 PPP $ of GDP),EN.ATM.CO2E.PP.GD.KD,Tonga,TON,0.21406794178216,0.190113626749952,0.174498309396351,0.16715370447431,0.176827813501234,0.183573348201064,0.184922938460795,0.22098020165768,0.160810256596605,..,..,..
CO2 emissions (kg per 2021 PPP $ of GDP),EN.ATM.CO2E.PP.GD.KD,Trinidad and Tobago,TTO,0.877938948477201,0.390637574877923,0.409427653849907,0.399447402939494,0.370767209470918,0.388040308815017,0.380517179128909,0.367015526144434,0.361984091999772,..,..,..
CO2 emissions (kg per 2021 PPP $ of GDP),EN.ATM.CO2E.PP.GD.KD,Tunisia,TUN,0.26373786201829,0.23832018906693,0.216164183385327,0.218594593075345,0.20722760239572,0.205531718318694,0.202101984088719,0.199083512162107,0.205505026405724,..,..,..
CO2 emissions (kg per 2021 PPP $ of GDP),EN.ATM.CO2E.PP.GD.KD,Turkiye,TUR,0.204948044141971,0.222305556089951,0.178281592581989,0.173831858815273,0.179183068658782,0.185144268823854,0.178015120321695,0.170029577168095,0.170538910342002,..,..,..
CO2 emissions (kg per 2021 PPP $ of GDP),EN.ATM.CO2E.PP.GD.KD,Turkmenistan,TKM,..,..,..,..,..,..,..,..,..,..,..,..
CO2 emissions (kg per 2021 PPP $ of GDP),EN.ATM.CO2E.PP.GD.KD,Turks and Caicos Islands,TCA,..,..,..,..,..,..,..,..,..,..,..,..
CO2 emissions (kg per 2021 PPP $ of GDP),EN.ATM.CO2E.PP.GD.KD,Tuvalu,TUV,0.234913992361027,0.214331136491451,0.201783269323439,0.16554738366691,0.152609195286634,0.152934340362068,0.172390556930341,0.153177232646665,0.118664951160607,..,..,..
CO2 emissions (kg per 2021 PPP $ of GDP),EN.ATM.CO2E.PP.GD.KD,Uganda,UGA,0.041406423797682,0.0363592114141956,0.0457341430097986,0.0498213161260322,0.0499112688722107,0.0506041037151629,0.0539963500079059,0.0513906263379124,0.0476630217318967,..,..,..
CO2 emissions (kg per 2021 PPP $ of GDP),EN.ATM.CO2E.PP.GD.KD,Ukraine,UKR,0.579813705677961,0.578995408524362,0.320389829017418,0.285396096770529,0.294033388993799,0.249196268948819,0.255504632350614,0.232879628982137,0.229576018176186,..,..,..
CO2 emissions (kg per 2021 PPP $ of GDP),EN.ATM.CO2E.PP.GD.KD,United Arab Emirates,ARE,0.269166664056101,0.262059013710667,0.333644042664188,0.327120004403029,0.317797593222744,0.302154890157918,0.27071050846468,0.285301619285624,0.304132022724051,..,..,..
CO2 emissions (kg per 2021 PPP $ of GDP),EN.ATM.CO2E.PP.GD.KD,United Kingdom,GBR,0.276021503997337,0.201152539496273,0.126009172206616,0.11896142500299,0.111213043756293,0.103996190546615,0.100798554201868,0.0951489021383234,0.0947053539267813,..,..,..
CO2 emissions (kg per 2021 PPP $ of GDP),EN.ATM.CO2E.PP.GD.KD,United States,USA,0.437150093415462,0.371777824786801,0.25375216820287,0.240868701505089,0.232004331821437,0.222963301822867,0.223545995552112,0.211253589365755,0.193741047930598,..,..,..
CO2 emissions (kg per 2021 PPP $ of GDP),EN.ATM.CO2E.PP.GD.KD,Uruguay,URY,0.08788522026244,0.0888325491319813,0.0667177321782682,0.0680746891687694,0.0656151081513617,0.0603286534200689,0.0645900360771342,0.0665475297558446,0.0687636262469608,..,..,..
CO2 emissions (kg per 2021 PPP $ of GDP),EN.ATM.CO2E.PP.GD.KD,Uzbekistan,UZB,1.50802552067483,1.61741822643207,0.536368488938572,0.473952168575581,0.474319712176443,0.473219296468409,0.459210909404054,0.452387315348302,0.43558410616077,..,..,..
CO2 emissions (kg per 2021 PPP $ of GDP),EN.ATM.CO2E.PP.GD.KD,Vanuatu,VUT,0.145619660459745,0.143381204584514,0.183822924739555,0.15479713271615,0.166581123448149,0.146016525631343,0.178634323069291,0.162693385292499,0.124456169628896,..,..,..
CO2 emissions (kg per 2021 PPP $ of GDP),EN.ATM.CO2E.PP.GD.KD,"Venezuela, RB",VEN,..,..,..,..,..,..,..,..,..,..,..,..
CO2 emissions (kg per 2021 PPP $ of GDP),EN.ATM.CO2E.PP.GD.KD,Viet Nam,VNM,0.119556794685571,0.152603690501303,0.22520662871827,0.234745880627731,0.242426023711492,0.234706888948781,0.271856674507294,0.302405231610333,0.305687047205785,..,..,..
CO2 emissions (kg per 2021 PPP $ of GDP),EN.ATM.CO2E.PP.GD.KD,Virgin Islands (U.S.),VIR,..,..,..,..,..,..,..,..,..,..,..,..
CO2 emissions (kg per 2021 PPP $ of GDP),EN.ATM.CO2E.PP.GD.KD,West Bank and Gaza,PSE,..,..,..,..,..,..,..,..,..,..,..,..
CO2 emissions (kg per 2021 PPP $ of GDP),EN.ATM.CO2E.PP.GD.KD,"Yemen, Rep.",YEM,..,..,..,..,..,..,..,..,..,..,..,..
CO2 emissions (kg per 2021 PPP $ of GDP),EN.ATM.CO2E.PP.GD.KD,Zambia,ZMB,0.145151606489511,0.0812414422404586,0.0822193489104572,0.0844995237439576,0.0873350786109741,0.108094557049996,0.119867797269149,0.114532756339798,0.117680898488644,..,..,..
CO2 emissions (kg per 2021 PPP $ of GDP),EN.ATM.CO2E.PP.GD.KD,Zimbabwe,ZWE,0.390239603624969,0.269303036282289,0.241535705941728,0.236311173911624,0.204146288529527,0.183582703276631,0.197861862059091,0.194358277740776,0.172071840819875,..,..,..
CO2 emissions (kg per 2021 PPP $ of GDP),EN.ATM.CO2E.PP.GD.KD,Africa Eastern and Southern,AFE,0.287777303350134,0.276795132803282,0.246765116823839,0.232602812936357,0.228182995213563,0.225804221773113,0.222414793287752,0.221617752113911,0.202939166925058,..,..,..
CO2 emissions (kg per 2021 PPP $ of GDP),EN.ATM.CO2E.PP.GD.KD,Africa Western and Central,AFW,0.141222039334227,0.163359402473704,0.100552703919616,0.0967686949060799,0.0998072495644706,0.0968965069143184,0.0987745303730807,0.101135142740213,0.0987513972991398,..,..,..
CO2 emissions (kg per 2021 PPP $ of GDP),EN.ATM.CO2E.PP.GD.KD,Arab World,ARB,0.254769134547454,0.258217636152636,0.284187003735355,0.279730691900523,0.271859193198987,0.269348664179482,0.259379178765246,0.256549319488726,0.256465377737934,..,..,..
CO2 emissions (kg per 2021 PPP $ of GDP),EN.ATM.CO2E.PP.GD.KD,Caribbean small states,CSS,0.865822987803802,0.693380937979076,0.720226885405449,0.704328394168377,0.665965280183912,0.637595911330753,0.642241669615751,0.629261149447792,0.58457460057327,..,..,..
CO2 emissions (kg per 2021 PPP $ of GDP),EN.ATM.CO2E.PP.GD.KD,Central Europe and the Baltics,CEB,0.513186755652588,0.344408083513558,0.198127684515693,0.193325649757486,0.191618193740203,0.18967373752724,0.179152325999693,0.163506821322553,0.157406803697698,..,..,..
CO2 emissions (kg per 2021 PPP $ of GDP),EN.ATM.CO2E.PP.GD.KD,Early-demographic dividend,EAR,0.251295852902263,0.253516174600955,0.236562041648982,0.227048014377685,0.219569927042336,0.216980444010788,0.212871485850928,0.205979057357855,0.1989114536783,..,..,..
CO2 emissions (kg per 2021 PPP $ of GDP),EN.ATM.CO2E.PP.GD.KD,East Asia & Pacific,EAS,0.414623519351638,0.36779386966603,0.367465825373458,0.346424841939436,0.330850907887974,0.321315086896376,0.318114597848558,0.310399126311969,0.31092000653845,..,..,..
CO2 emissions (kg per 2021 PPP $ of GDP),EN.ATM.CO2E.PP.GD.KD,East Asia & Pacific (excluding high income),EAP,0.667118978465749,0.494770139148738,0.44313624675001,0.411686102144517,0.388230676321181,0.374498965840677,0.370329086278208,0.359604691225575,0.360526884885184,..,..,..
CO2 emissions (kg per 2021 PPP $ of GDP),EN.ATM.CO2E.PP.GD.KD,East Asia & Pacific (IDA & IBRD countries),TEA,0.638019560702289,0.486790206143619,0.442469117266108,0.411278697072073,0.387745457563357,0.373212091545069,0.369269238245763,0.358457621658019,0.359481269722169,..,..,..
CO2 emissions (kg per 2021 PPP $ of GDP),EN.ATM.CO2E.PP.GD.KD,Euro area,EMU,0.216968266591139,0.176102754352125,0.128718721961838,0.128874062027678,0.126492231157491,0.123443676762288,0.118216370900989,0.110700398156343,0.105552646783336,..,..,..
CO2 emissions (kg per 2021 PPP $ of GDP),EN.ATM.CO2E.PP.GD.KD,Europe & Central Asia,ECS,0.329296770313138,0.249415016514056,0.175396093311248,0.171818618512401,0.169513014864209,0.166343541088189,0.16273768978606,0.155859095069566,0.153230930025904,..,..,..
CO2 emissions (kg per 2021 PPP $ of GDP),EN.ATM.CO2E.PP.GD.KD,Europe & Central Asia (excluding high income),ECA,1.34214985414191,1.15835548369037,0.636510053695246,0.610311420863417,0.602709996918375,0.585810060258421,0.582275627053386,0.570343530252781,0.555591927255841,..,..,..
CO2 emissions (kg per 2021 PPP $ of GDP),EN.ATM.CO2E.PP.GD.KD,Europe & Central Asia (IDA & IBRD countries),TEC,0.520148473128919,0.461248518482366,0.271150400693857,0.264545256349567,0.263972882018418,0.260572348626504,0.257788719641269,0.250429351857196,0.246579749619557,..,..,..
CO2 emissions (kg per 2021 PPP $ of GDP),EN.ATM.CO2E.PP.GD.KD,European Union,EUU,0.25123764921547,0.19368005124676,0.137214379602586,0.136753216049834,0.13450805666777,0.131701304883203,0.125966844246133,0.117604395739089,0.112595368273553,..,..,..
CO2 emissions (kg per 2021 PPP $ of GDP),EN.ATM.CO2E.PP.GD.KD,Fragile and conflict affected situations,FCS,0.356161607611765,0.307392320627301,0.190536368109816,0.170960087997393,0.168043869367996,0.162144040767174,0.162872200413261,0.155851456671562,0.146452270223427,..,..,..
CO2 emissions (kg per 2021 PPP $ of GDP),EN.ATM.CO2E.PP.GD.KD,Heavily indebted poor countries (HIPC),HPC,0.07657668684187,0.0790806935540627,0.0917643212758885,0.093482267063464,0.0942343475109035,0.0930299099312505,0.0932703840567406,0.0948790290534496,0.0904542332631931,..,..,..
CO2 emissions (kg per 2021 PPP $ of GDP),EN.ATM.CO2E.PP.GD.KD,High income,HIC,0.275100424726837,0.248936484021095,0.182375419291551,0.177997740355927,0.173524902640661,0.168258029278076,0.164538876598545,0.156853794116623,0.149538921789165,..,..,..
CO2 emissions (kg per 2021 PPP $ of GDP),EN.ATM.CO2E.PP.GD.KD,IBRD only,IBD,0.413860356396164,0.357254436689974,0.326898292277299,0.310950740518819,0.298752718813218,0.291536862106894,0.289161850445916,0.2818871720508,0.280969062159371,..,..,..
CO2 emissions (kg per 2021 PPP $ of GDP),EN.ATM.CO2E.PP.GD.KD,IDA & IBRD total,IBT,0.392265513786459,0.339776419761398,0.307755971939356,0.29291691594362,0.282285468129767,0.276025113188783,0.273664622895914,0.266812813865172,0.26544857372852,..,..,..
CO2 emissions (kg per 2021 PPP $ of GDP),EN.ATM.CO2E.PP.GD.KD,IDA blend,IDB,0.269554295963018,0.267202283571411,0.154169349427935,0.148514876798539,0.15372071335773,0.156187984630352,0.14961104752993,0.148200909051242,0.145923323737815,..,..,..
CO2 emissions (kg per 2021 PPP $ of GDP),EN.ATM.CO2E.PP.GD.KD,IDA only,IDX,0.114888023823774,0.104598848236955,0.0962081794404866,0.0950220923293125,0.0984139991512626,0.101091051564783,0.102038884650175,0.0998977843964396,0.0957538038084635,..,..,..
CO2 emissions (kg per 2021 PPP $ of GDP),EN.ATM.CO2E.PP.GD.KD,IDA total,IDA,0.186169670393536,0.176088823152823,0.121686555859014,0.118400315190724,0.122270456217874,0.124509608255669,0.122204421832893,0.120108105437281,0.116581254788082,..,..,..
CO2 emissions (kg per 2021 PPP $ of GDP),EN.ATM.CO2E.PP.GD.KD,Late-demographic dividend,LTE,0.509304174623154,0.42459671990081,0.377344400041027,0.358784841624379,0.345096205449952,0.335772029089392,0.332062139526623,0.324461994580629,0.32592147801214,..,..,..
CO2 emissions (kg per 2021 PPP $ of GDP),EN.ATM.CO2E.PP.GD.KD,Latin America & Caribbean,LCN,0.161358192797349,0.16261327002481,0.152051139043266,0.150402183855828,0.14720929011329,0.142328982212333,0.13565764015995,0.133526126694255,0.126880521764337,..,..,..
CO2 emissions (kg per 2021 PPP $ of GDP),EN.ATM.CO2E.PP.GD.KD,Latin America & Caribbean (excluding high income),LAC,0.149997048044196,0.154746567928903,0.144867954536292,0.144408985301734,0.141981704403736,0.137837446103006,0.131547390913277,0.130715720554443,0.126163260242747,..,..,..
CO2 emissions (kg per 2021 PPP $ of GDP),EN.ATM.CO2E.PP.GD.KD,Latin America & the Caribbean (IDA & IBRD countries),TLA,0.160169881774048,0.164682500005025,0.154110803644592,0.152197503864875,0.149074631822443,0.144079405982046,0.137044063302762,0.135097875490436,0.128117152886196,..,..,..
CO2 emissions (kg per 2021 PPP $ of GDP),EN.ATM.CO2E.PP.GD.KD,Least developed countries: UN classification,LDC,0.0679006887053329,0.0821290525273859,0.0900883494175079,0.0892036824618394,0.0929690619157908,0.0958609536339358,0.0964677276728996,0.0943540697171103,0.0893196797889123,..,..,..
CO2 emissions (kg per 2021 PPP $ of GDP),EN.ATM.CO2E.PP.GD.KD,Low & middle income,LMY,0.492870907211502,0.382573908748365,0.341541024261582,0.323201592475316,0.310245927250234,0.303117689858276,0.300526992393762,0.293170043321487,0.291933918831149,..,..,..
CO2 emissions (kg per 2021 PPP $ of GDP),EN.ATM.CO2E.PP.GD.KD,Low income,LIC,0.3693638438068,0.244374243691379,0.128931775493217,0.111387604867186,0.110502452118626,0.127353162764354,0.125511416055874,0.125497561282557,0.11704709807962,..,..,..
CO2 emissions (kg per 2021 PPP $ of GDP),EN.ATM.CO2E.PP.GD.KD,Lower middle income,LMC,0.425287666290531,0.323227704387921,0.26502180352753,0.2512425368655,0.244472444563002,0.240712944630572,0.239371422377889,0.230495821038793,0.224792268662074,..,..,..
CO2 emissions (kg per 2021 PPP $ of GDP),EN.ATM.CO2E.PP.GD.KD,Middle East & North Africa,MEA,0.282075985110564,0.30015900150423,0.321382213602585,0.31594822204675,0.304592820912912,0.302605419978601,0.294446454564748,0.290812898989691,0.289267817899278,..,..,..
CO2 emissions (kg per 2021 PPP $ of GDP),EN.ATM.CO2E.PP.GD.KD,Middle East & North Africa (excluding high income),MNA,0.283671758127453,0.300100949154448,0.308575016473712,0.299585647597947,0.28674958013022,0.289476607402438,0.288995444254656,0.282124475656052,0.276217593737817,..,..,..
CO2 emissions (kg per 2021 PPP $ of GDP),EN.ATM.CO2E.PP.GD.KD,Middle East & North Africa (IDA & IBRD countries),TMN,0.284957044967758,0.301530684151906,0.310299048241968,0.301285561865971,0.288425644276609,0.291140953338241,0.290641904691325,0.283725737375046,0.277640338656371,..,..,..
CO2 emissions (kg per 2021 PPP $ of GDP),EN.ATM.CO2E.PP.GD.KD,Middle income,MIC,0.495311127201634,0.385455489627898,0.345795095844378,0.32744252107149,0.314211191416825,0.306550034062836,0.303915697343295,0.296423635266485,0.29540985427087,..,..,..
CO2 emissions (kg per 2021 PPP $ of GDP),EN.ATM.CO2E.PP.GD.KD,North America,NAC,0.431814107258084,0.369906944129197,0.256778490354801,0.244654547144402,0.236193918620466,0.227718665827584,0.228071597498864,0.21582435693519,0.198806904636169,..,..,..
CO2 emissions (kg per 2021 PPP $ of GDP),EN.ATM.CO2E.PP.GD.KD,Not classified,INX,..,..,..,..,..,..,..,..,..,..,..,..
CO2 emissions (kg per 2021 PPP $ of GDP),EN.ATM.CO2E.PP.GD.KD,OECD members,OED,0.307416405433808,0.265876715845938,0.19704595012388,0.191125980272895,0.186538367974386,0.181247547191961,0.17745481300013,0.168863477179277,0.160454680581746,..,..,..
CO2 emissions (kg per 2021 PPP $ of GDP),EN.ATM.CO2E.PP.GD.KD,Other small states,OSS,0.586449320838973,0.498854052261469,0.601440458263069,0.579044129223579,0.571798590003775,0.553715495672904,0.533405210286962,0.507091889395857,0.515538910832933,..,..,..
CO2 emissions (kg per 2021 PPP $ of GDP),EN.ATM.CO2E.PP.GD.KD,Pacific island small states,PSS,0.129401735608328,0.168368303257744,0.161091008128671,0.155071402520964,0.148612316391492,0.151262869240859,0.151804949092353,0.154051548501924,0.128963670669645,..,..,..
CO2 emissions (kg per 2021 PPP $ of GDP),EN.ATM.CO2E.PP.GD.KD,Post-demographic dividend,PST,0.319717279662417,0.272112432670238,0.198724627355566,0.192313975457034,0.187057621050178,0.180874537417592,0.178081090539704,0.169063846106638,0.160628437505907,..,..,..
CO2 emissions (kg per 2021 PPP $ of GDP),EN.ATM.CO2E.PP.GD.KD,Pre-demographic dividend,PRE,0.142382910498866,0.154585523102822,0.11807298673753,0.115234677370504,0.116812614887488,0.118260130809767,0.120570868136009,0.123885755834497,0.118068287283148,..,..,..
CO2 emissions (kg per 2021 PPP $ of GDP),EN.ATM.CO2E.PP.GD.KD,Small states,SST,0.610068854223077,0.514498881249735,0.599738008000104,0.578321603864504,0.566238089928425,0.547358428605848,0.531404203203438,0.508245537133586,0.509290482295683,..,..,..
CO2 emissions (kg per 2021 PPP $ of GDP),EN.ATM.CO2E.PP.GD.KD,South Asia,SAS,0.242750111547609,0.243195945608659,0.234955641119787,0.221691195845883,0.211493234003151,0.209704962117687,0.208171055841466,0.197353433012343,0.18921928025404,..,..,..
CO2 emissions (kg per 2021 PPP $ of GDP),EN.ATM.CO2E.PP.GD.KD,South Asia (IDA & IBRD),TSA,0.242750111547609,0.243195945608658,0.234955641119787,0.221691195845883,0.211493234003151,0.209704962117687,0.208171055841466,0.197353433012343,0.18921928025404,..,..,..
CO2 emissions (kg per 2021 PPP $ of GDP),EN.ATM.CO2E.PP.GD.KD,Sub-Saharan Africa,SSF,0.230284563285315,0.231685199803469,0.181182614320123,0.171829755837591,0.171440714936538,0.168934436973876,0.167823508035399,0.168118036229916,0.15621740305663,..,..,..
CO2 emissions (kg per 2021 PPP $ of GDP),EN.ATM.CO2E.PP.GD.KD,Sub-Saharan Africa (excluding high income),SSA,0.230338501413348,0.231729002685507,0.181173854469613,0.171814778757834,0.1714229141158,0.16892164547799,0.167809048543881,0.16811153960919,0.156189183919926,..,..,..
CO2 emissions (kg per 2021 PPP $ of GDP),EN.ATM.CO2E.PP.GD.KD,Sub-Saharan Africa (IDA & IBRD countries),TSS,0.230284563285315,0.231685199803469,0.181182614320123,0.171829755837591,0.171440714936538,0.168934436973876,0.167823508035399,0.168118036229916,0.15621740305663,..,..,..
CO2 emissions (kg per 2021 PPP $ of GDP),EN.ATM.CO2E.PP.GD.KD,Upper middle income,UMC,0.523409761969651,0.411685321467191,0.379404362894699,0.3598227125041,0.344372244455973,0.335216632661158,0.332316280192275,0.325518843960812,0.325767310053037,..,..,..
CO2 emissions (kg per 2021 PPP $ of GDP),EN.ATM.CO2E.PP.GD.KD,World,WLD,0.356745188799041,0.309607071478898,0.268676760191638,0.25860293506518,0.251021933177886,0.245647599627617,0.242972078035862,0.235571281680043,0.229508648009666,..,..,..
,,,,,,,,,,,,,,,
,,,,,,,,,,,,,,,
,,,,,,,,,,,,,,,
Data from database: World Development Indicators,,,,,,,,,,,,,,,
Last Updated: 06/28/2024,,,,,,,,,,,,,,,
